{
    "host": "LoraxPC",
    "argv": [
        "C:\\Users\\raglo\\anaconda3\\envs\\giwaxs_analysis_new3\\Scripts\\pyFAI-benchmark",
        "-g"
    ],
    "cpu": "Intel64 Family 6 Model 140 Stepping 1, GenuineIntel",
    "gpu": "Intel(R) Iris(R) Xe Graphics",
    "CPU / integrate1d_ng: bbox_histogram_cython": {
        "1.023183": 43.44951124247384,
        "2.476525": 114.96177857147164,
        "4.48569": 195.00136122461504,
        "6.224001": 265.01862727309344,
        "10.138296": 459.5327681824777,
        "11.9025": 527.8541714277318,
        "16.777216": 743.0813333330055
    },
    "CPU / integrate1d_ng: bbox_csr_cython": {
        "1.023183": 18.3552333881763,
        "2.476525": 50.38498609870747,
        "4.48569": 85.36186830991629,
        "6.224001": 130.19829024397484,
        "10.138296": 265.6397413796593,
        "11.9025": 277.38564146367446,
        "16.777216": 325.0869272724782
    },
    "GPU:Intel(R):Intel(R) Iris(R) Xe Graphics / integrate1d_ng: (bbox,csr,opencl)": {
        "1.023183": 4.13848686229877,
        "2.476525": 9.116265217397824,
        "4.48569": 15.158612592559722,
        "6.224001": 20.1168698151725,
        "10.138296": 32.88213551402414,
        "11.9025": 40.41540734262296,
        "16.777216": 78.29497187503875
    }
}