{
    "host": "LoraxPC",
    "argv": [
        "C:\\Users\\raglo\\anaconda3\\envs\\giwaxs_analysis_new3\\Scripts\\pyFAI-benchmark",
        "-g"
    ],
    "cpu": "Intel64 Family 6 Model 140 Stepping 1, GenuineIntel",
    "gpu": "Intel(R) Iris(R) Xe Graphics",
    "CPU / integrate1d_ng: bbox_histogram_cython": {
        "1.023183": 62.53718472220903,
        "2.476525": 125.67138552625885,
        "4.48569": 191.41791923063394,
        "6.224001": 249.7523755559491,
        "10.138296": 398.34926086958785,
        "11.9025": 415.06310000018544,
        "16.777216": 572.5836999998945
    },
    "CPU / integrate1d_ng: bbox_csr_cython": {
        "1.023183": 14.393422839499113,
        "2.476525": 39.62583865250827,
        "4.48569": 67.0065419847956,
        "6.224001": 102.52516886811343,
        "10.138296": 167.84439508165767,
        "11.9025": 171.58421639354947,
        "16.777216": 274.223983783363
    },
    "GPU:Intel(R):Intel(R) Iris(R) Xe Graphics / integrate1d_ng: (bbox,csr,opencl)": {
        "1.023183": 3.7206938553866,
        "2.476525": 8.189521908479858,
        "4.48569": 16.565324894538012,
        "6.224001": 20.57127094189991,
        "10.138296": 35.55847517722897,
        "11.9025": 37.64570038608351,
        "16.777216": 87.24207723583284
    }
}