{
    "host": "ElAnclaStudio",
    "argv": [
        "C:\\Users\\Aj\\miniforge3\\envs\\giwaxs_analysis\\Scripts\\pyFAI-benchmark",
        "-g"
    ],
    "cpu": "AMD64 Family 25 Model 33 Stepping 2, AuthenticAMD",
    "gpu": "NVIDIA GeForce RTX 3060",
    "CPU / integrate1d_ng: bbox_histogram_cython": {
        "1.023183": 29.40750895521982,
        "2.476525": 78.37983095236095,
        "4.48569": 140.33570135133405,
        "6.224001": 197.19135576913408,
        "10.138296": 326.80745161281175,
        "11.9025": 369.37949259272835,
        "16.777216": 503.82016190477384
    },
    "CPU / integrate1d_ng: bbox_csr_cython": {
        "1.023183": 10.749064988810666,
        "2.476525": 28.230685558572457,
        "4.48569": 47.1624269406484,
        "6.224001": 72.15295034964241,
        "10.138296": 120.14172380951918,
        "11.9025": 124.92106987951684,
        "16.777216": 156.03162459008104
    },
    "GPU:NVIDIA:NVIDIA GeForce RTX 3060 / integrate1d_ng: (bbox,csr,opencl)": {
        "1.023183": 1.0228648884051756,
        "2.476525": 1.7699878290113593,
        "4.48569": 2.8887299602315544,
        "6.224001": 4.003042101781218,
        "10.138296": 6.463270821913197,
        "11.9025": 7.705723282438747,
        "16.777216": 7.418402592587949
    }
}