{
    "host": "LoraxPC",
    "argv": [
        "C:\\Users\\raglo\\anaconda3\\envs\\giwaxs_analysis_new3\\Scripts\\pyFAI-benchmark",
        "-c"
    ],
    "cpu": "Intel64 Family 6 Model 140 Stepping 1, GenuineIntel",
    "gpu": "Intel(R) Iris(R) Xe Graphics",
    "CPU / integrate1d_ng: bbox_histogram_cython": {
        "1.023183": 37.20004736842065,
        "2.476525": 93.10844234245418,
        "4.48569": 166.74115967743413,
        "6.224001": 271.2920205130314,
        "10.138296": 446.57643888947655,
        "11.9025": 481.6097208325421,
        "16.777216": 706.0172733326908
    },
    "CPU / integrate1d_ng: bbox_csr_cython": {
        "1.023183": 18.117235431924538,
        "2.476525": 50.61786419213303,
        "4.48569": 95.99969292031724,
        "6.224001": 127.86332857159528,
        "10.138296": 205.75811964278859,
        "11.9025": 200.84876481484605,
        "16.777216": 310.79594411729727
    }
}