{
    "host": "ElAnclaStudio",
    "argv": [
        "C:\\Users\\Aj\\miniforge3\\envs\\giwaxs_analysis\\Scripts\\pyFAI-benchmark",
        "-g",
        "--all"
    ],
    "cpu": "AMD64 Family 25 Model 33 Stepping 2, AuthenticAMD",
    "gpu": "NVIDIA GeForce RTX 3060",
    "CPU / integrate1d_ng: no_histogram_python": {
        "1.023183": 34.66665227269087,
        "2.476525": 75.53043445372198,
        "6.224001": 185.4274816325823,
        "10.138296": 303.14088387099366,
        "11.9025": 349.8380888890501,
        "16.777216": 493.95613809507006
    },
    "CPU / integrate1d_ng: no_histogram_cython": {
        "1.023183": 10.391122934790632,
        "2.476525": 24.99083243244902,
        "6.224001": 63.31999807690199,
        "10.138296": 103.18839072160418,
        "11.9025": 114.64216022729735,
        "16.777216": 169.3972568966023
    },
    "CPU / integrate1d_ng: bbox_histogram_cython": {
        "1.023183": 29.190361424306413,
        "2.476525": 79.59941415934189,
        "4.48569": 138.11482857147763,
        "6.224001": 196.27491568640906,
        "10.138296": 325.4079806455035,
        "11.9025": 361.82180740730405,
        "16.777216": 494.35586666680007
    },
    "CPU / integrate1d_ng: full_histogram_cython": {
        "1.023183": 153.70352089547538,
        "2.476525": 377.68871851882,
        "6.224001": 949.1516545451966,
        "10.138296": 1581.0755000004845,
        "11.9025": 1646.2636714298112,
        "16.777216": 2598.6581500001193
    },
    "CPU / integrate1d_ng: no_csr_cython": {
        "1.023183": 10.099719939271493,
        "2.476525": 25.45636766169548,
        "6.224001": 65.274624840785,
        "10.138296": 107.7236391304367,
        "11.9025": 109.18985473690554,
        "16.777216": 141.51243802814244
    },
    "CPU / integrate1d_ng: bbox_csr_cython": {
        "1.023183": 10.830004086266573,
        "2.476525": 28.453265109859345,
        "4.48569": 47.15718403755099,
        "6.224001": 71.66955177310989,
        "10.138296": 119.28233378381952,
        "11.9025": 123.15258375001576,
        "16.777216": 155.56434062500557
    },
    "CPU / integrate1d_ng: no_csr_python": {
        "1.023183": 12.004322948327571,
        "2.476525": 34.4255496644268,
        "6.224001": 84.83243109245036,
        "10.138296": 146.89077246378253,
        "11.9025": 160.47273809506027,
        "16.777216": 302.18699393938573
    },
    "CPU / integrate1d_ng: bbox_csr_python": {
        "1.023183": 15.05103464788449,
        "2.476525": 44.90438177571012,
        "4.48569": 80.12917874012909,
        "6.224001": 112.84387586206792,
        "10.138296": 201.59031372539033,
        "11.9025": 236.9310050002241,
        "16.777216": 335.1238310344092
    },
    "CPU / integrate1d_ng: no_csc_cython": {
        "1.023183": 12.798426425595629,
        "2.476525": 30.743435018070528,
        "6.224001": 76.7681356588272,
        "10.138296": 128.0267012658856,
        "11.9025": 126.8084113923774,
        "16.777216": 217.10494255332495
    },
    "CPU / integrate1d_ng: bbox_csc_cython": {
        "1.023183": 14.669586043166694,
        "2.476525": 36.86861386861488,
        "4.48569": 64.11005859874979,
        "6.224001": 91.43307272725824,
        "10.138296": 151.19396969693656,
        "11.9025": 156.23715384594666,
        "16.777216": 242.03508571407014
    },
    "CPU / integrate1d_ng: no_csc_python": {
        "1.023183": 11.676629151295392,
        "2.476525": 27.925342016783933,
        "6.224001": 70.0139758620684,
        "10.138296": 115.54718658536751,
        "11.9025": 129.76928051941354,
        "16.777216": 188.64989622643236
    },
    "CPU / integrate1d_ng: bbox_csc_python": {
        "1.023183": 14.87859551373727,
        "2.476525": 38.46005296445978,
        "4.48569": 66.25942066661082,
        "6.224001": 95.90266116508238,
        "10.138296": 156.60446769213124,
        "11.9025": 180.47769636376125,
        "16.777216": 231.95623095220762
    },
    "CPU / integrate1d_ng: bbox_lut_cython": {
        "1.023183": 10.97618912320626,
        "2.476525": 32.87393397435013,
        "4.48569": 54.90971739132163,
        "6.224001": 83.55094471542218,
        "10.138296": 139.7953291666959,
        "11.9025": 149.9069892308818,
        "16.777216": 156.4200984616316
    },
    "CPU / integrate1d_ng: no_lut_cython": {
        "1.023183": 10.284179576583744,
        "2.476525": 27.486888648677816,
        "6.224001": 73.25607720593004,
        "10.138296": 120.91526395348876,
        "11.9025": 124.67868571426759,
        "16.777216": 145.06607313437124
    },
    "CPU / integrate1d_ng: full_lut_cython": {
        "1.023183": 11.115735900341265,
        "2.476525": 32.510894117651624,
        "6.224001": 83.53645206608978,
        "10.138296": 139.65069452039134,
        "11.9025": 150.25711587296672,
        "16.777216": 156.8008087720444
    },
    "CPU / integrate1d_ng: full_csr_cython": {
        "1.023183": 10.683130345713627,
        "2.476525": 28.001043854784363,
        "6.224001": 71.76532816903462,
        "10.138296": 118.0875883720271,
        "11.9025": 122.66543214285602,
        "16.777216": 153.74021746018636
    },
    "CPU / integrate1d_ng: full_csr_python": {
        "1.023183": 15.513836589395353,
        "2.476525": 45.65777772928,
        "6.224001": 113.82815227261744,
        "10.138296": 195.45432692281722,
        "11.9025": 226.51995909109246,
        "16.777216": 331.5337903223999
    },
    "CPU / integrate1d_ng: full_csc_cython": {
        "1.023183": 14.735336484489142,
        "2.476525": 37.33691939159638,
        "6.224001": 91.26517818182369,
        "10.138296": 152.81184307689097,
        "11.9025": 158.6337875000936,
        "16.777216": 247.0891243900973
    },
    "CPU / integrate1d_ng: full_csc_python": {
        "1.023183": 14.821956140340315,
        "2.476525": 38.483997368434515,
        "6.224001": 94.57906542052667,
        "10.138296": 157.36103076913145,
        "11.9025": 180.08174285725025,
        "16.777216": 229.8048666665434
    },
    "GPU:NVIDIA:NVIDIA GeForce RTX 3060 / integrate1d_ng: (no,histogram,opencl)": {
        "1.023183": 10.056238445598714,
        "2.476525": 13.357437026252361,
        "6.224001": 30.313560975640883,
        "10.138296": 45.460017289676394,
        "11.9025": 50.94567031248213,
        "16.777216": 36.79756489029478
    },
    "GPU:NVIDIA:NVIDIA GeForce RTX 3060 / integrate1d_ng: (bbox,csr,opencl)": {
        "1.023183": 0.9981756152413254,
        "2.476525": 1.6631412477298186,
        "4.48569": 2.909477166276226,
        "6.224001": 3.861197535931305,
        "10.138296": 6.362488155136206,
        "11.9025": 7.82757704346137,
        "16.777216": 7.35192586956976
    },
    "GPU:NVIDIA:NVIDIA GeForce RTX 3060 / integrate1d_ng: (no,csr,opencl)": {
        "1.023183": 0.9132698973658879,
        "2.476525": 1.4789881362556425,
        "6.224001": 3.350317557554015,
        "10.138296": 5.655739328536296,
        "11.9025": 6.328198754856931,
        "16.777216": 6.717583401226571
    },
    "GPU:NVIDIA:NVIDIA GeForce RTX 3060 / integrate1d_ng: (full,csr,opencl)": {
        "1.023183": 0.9936212706781107,
        "2.476525": 1.7242887402164657,
        "6.224001": 3.8870321100941108,
        "10.138296": 6.635265662653072,
        "11.9025": 7.391709943735966,
        "16.777216": 7.416207619040968
    },
    "GPU:NVIDIA:NVIDIA GeForce RTX 3060 / integrate1d_ng: (bbox,lut,opencl)": {
        "1.023183": 3.243132172747377,
        "2.476525": 7.079910714283729,
        "4.48569": 9.337582488034064,
        "6.224001": 10.368678787890163,
        "10.138296": 14.88038571429579,
        "11.9025": 19.648913636443798,
        "16.777216": 12.131668918988685
    },
    "GPU:NVIDIA:NVIDIA GeForce RTX 3060 / integrate1d_ng: (no,lut,opencl)": {
        "1.023183": 2.0656586516866975,
        "2.476525": 3.0953377031800566,
        "6.224001": 6.1243995498391195,
        "10.138296": 10.049170440253734,