{
    "host": "ElAnclaStudio",
    "argv": [
        "C:\\Users\\Aj\\miniforge3\\envs\\giwaxs_analysis\\Scripts\\pyFAI-benchmark",
        "--all"
    ],
    "cpu": "AMD64 Family 25 Model 33 Stepping 2, AuthenticAMD",
    "gpu": "NVIDIA GeForce RTX 3060",
    "CPU / integrate1d_ng: no_histogram_python": {
        "1.023183": 31.49824966666832,
        "2.476525": 80.04987899999833,
        "6.224001": 188.82635818180543,
        "10.138296": 305.4815312500523,
        "11.9025": 391.1538413793033,
        "16.777216": 504.4902095237159
    },
    "CPU / integrate1d_ng: no_histogram_cython": {
        "1.023183": 11.08039307479061,
        "2.476525": 25.451888537544917,
        "6.224001": 63.77865098039406,
        "10.138296": 106.83531649481235,
        "11.9025": 116.8442360464914,
        "16.777216": 174.61398431367022
    },
    "CPU / integrate1d_ng: bbox_histogram_cython": {
        "1.023183": 30.292578840580184,
        "2.476525": 79.6196687500128,
        "4.48569": 142.2466405797488,
        "6.224001": 200.92906666665536,
        "10.138296": 329.25953870970613,
        "11.9025": 366.8371296298574,
        "16.777216": 498.5817333332047
    },
    "CPU / integrate1d_ng: full_histogram_cython": {
        "1.023183": 158.9018061538809,
        "2.476525": 389.6981708333745,
        "6.224001": 966.9266727274093,
        "10.138296": 1631.5240857147728,
        "11.9025": 1695.494742857201,
        "16.777216": 2679.757450001489
    },
    "CPU / integrate1d_ng: no_csr_cython": {
        "1.023183": 10.311753209110897,
        "2.476525": 26.275466137569367,
        "6.224001": 68.17487133332179,
        "10.138296": 110.60230326082724,
        "11.9025": 112.25264565212495,
        "16.777216": 142.41834927541777
    },
    "CPU / integrate1d_ng: bbox_csr_cython": {
        "1.023183": 10.978820048896528,
        "2.476525": 28.926498618773483,
        "4.48569": 48.55684150946749,
        "6.224001": 74.6090620437813,
        "10.138296": 122.12878452373843,
        "11.9025": 128.32701733326152,
        "16.777216": 157.64014499994423
    },
    "CPU / integrate1d_ng: no_csr_python": {
        "1.023183": 12.620135531912464,
        "2.476525": 34.960529966342975,
        "6.224001": 86.40554322032662,
        "10.138296": 147.20427246377938,
        "11.9025": 164.41888666668092,
        "16.777216": 318.54966874993806
    },
    "CPU / integrate1d_ng: bbox_csr_python": {
        "1.023183": 16.1508309523751,
        "2.476525": 47.271479357799215,
        "4.48569": 84.70833949581329,
        "6.224001": 122.51718117648339,
        "10.138296": 202.2786612244684,
        "11.9025": 236.8849431818076,
        "16.777216": 348.8619319998543
    },
    "CPU / integrate1d_ng: no_csc_cython": {
        "1.023183": 13.31298776470837,
        "2.476525": 32.20397694805159,
        "6.224001": 78.81115859379406,
        "10.138296": 129.8458064935025,
        "11.9025": 128.61379615386772,
        "16.777216": 217.6748531914819
    },
    "CPU / integrate1d_ng: bbox_csc_cython": {
        "1.023183": 14.799245575224074,
        "2.476525": 37.58786905659604,
        "4.48569": 64.85620653594417,
        "6.224001": 95.24854999997639,
        "10.138296": 154.48376212126195,
        "11.9025": 159.0105750000248,
        "16.777216": 247.87813437501427
    },
    "CPU / integrate1d_ng: no_csc_python": {
        "1.023183": 11.825602644229058,
        "2.476525": 28.70930084506948,
        "6.224001": 71.5444467625419,
        "10.138296": 121.47337228921663,
        "11.9025": 132.38917236834058,
        "16.777216": 191.45912264159634
    },
    "CPU / integrate1d_ng: bbox_csc_python": {
        "1.023183": 15.12396410256034,
        "2.476525": 39.13121380755302,
        "4.48569": 67.01732582780024,
        "6.224001": 100.27554999996445,
        "10.138296": 184.94893015870022,
        "11.9025": 192.29648400010774,
        "16.777216": 239.7406581396015
    },
    "CPU / integrate1d_ng: bbox_lut_cython": {
        "1.023183": 11.81002312206518,
        "2.476525": 33.861135313525196,
        "4.48569": 57.90254350282689,
        "6.224001": 87.16203559323715,
        "10.138296": 146.60958939390238,
        "11.9025": 166.70059523820538,
        "16.777216": 167.1826561403322
    },
    "CPU / integrate1d_ng: no_lut_cython": {
        "1.023183": 11.833868392374256,
        "2.476525": 31.58836085525476,
        "6.224001": 75.9226485075053,
        "10.138296": 127.69291975304058,
        "11.9025": 130.5986153846532,
        "16.777216": 154.9293059700841
    },
    "CPU / integrate1d_ng: full_lut_cython": {
        "1.023183": 12.368035409453519,
        "2.476525": 35.31817642857017,
        "6.224001": 87.56122820515387,
        "10.138296": 147.212090322653,
        "11.9025": 155.57733750006264,
        "16.777216": 168.4122199999613
    },
    "CPU / integrate1d_ng: full_csr_cython": {
        "1.023183": 11.385751233841296,
        "2.476525": 30.281085542175063,
        "6.224001": 73.48341268657555,
        "10.138296": 120.60872500002179,
        "11.9025": 127.09320602406949,
        "16.777216": 156.2302924242183
    },
    "CPU / integrate1d_ng: full_csr_python": {
        "1.023183": 15.470538274930634,
        "2.476525": 45.76634803493803,
        "6.224001": 113.1401976744264,
        "10.138296": 195.02215384622664,
        "11.9025": 239.6014999999251,
        "16.777216": 359.0738961538591
    },
    "CPU / integrate1d_ng: full_csc_cython": {
        "1.023183": 14.941087913663436,
        "2.476525": 37.43173406592544,
        "6.224001": 92.14863925233861,
        "10.138296": 154.01380625007732,
        "11.9025": 160.89038095228645,
        "16.777216": 250.81372500008004
    },
    "CPU / integrate1d_ng: full_csc_python": {
        "1.023183": 15.032816954029757,
        "2.476525": 40.589696139014734,
        "6.224001": 110.26740841118448,
        "10.138296": 219.2941311475836,
        "11.9025": 192.5762388888904,
        "16.777216": 266.0329242423882
    }
}